<?xml version="1.0" encoding="UTF-8"?>
<!DOCTYPE mapper PUBLIC "-//mybatis.org//DTD Mapper 3.0//EN"
				  "dtd/mybatis-3-mapper.dtd">
<mapper namespace="user">
	<resultMap id="userResult" type="user">
		<result property="userCode" column="USER_CODE" />
	    <result property="id" column="ID"/>
	    <result property="pw" column="PW"/>
	    <result property="email" column="EMAIL"/>
	    <result property="userImage" column="USER_IMAGE"/>
	    <result property="name" column="NAME"/>
	    <result property="birth" column="BIRTH" />
	    <result property="postNum" column="POST_NUM"/>
	    <result property="phoneCd" column="PHONE_CD"/>
	    <result property="phoneNum" column="PHONE_NUM"/>
	    <result property="address" column="ADDRESS"/>
	    <result property="entDate" column="ENT_DATE" />
	</resultMap>

	<select id="retrieveUserList" resultMap="userResult">
		<![CDATA[
			SELECT * FROM TB_COM_USER
		]]>
	</select>

	<select id="retrieveUser" parameterType="string" resultMap="userResult">
		<![CDATA[
			SELECT * FROM TB_COM_USER WHERE ID = #{id}
		]]>
	</select>

	<select id="retrieveUserId" parameterType="string" resultType="string">
		<![CDATA[
			SELECT ID FROM TB_COM_USER WHERE EMAIL = #{email}
		]]>
	</select>

	<select id="retrieveSessionInfo" parameterType="string" resultMap="userResult">
		<![CDATA[
			SELECT USER_CODE
				 , ID
				 , GRADE
			FROM   TB_COM_USER WHERE ID = #{id}
		]]>
	</select>

	<select id="retrieveUserPw" parameterType="map" resultType="string">
		<![CDATA[
			SELECT PW FROM TB_COM_USER WHERE ID = #{id} AND EMAIL = #{email}
		]]>
	</select>


	<select id="logincheck" parameterType="map" resultType="string">
		<![CDATA[
			SELECT EMAIL FROM TB_COM_USER
			WHERE ID = #{id} and PW = #{pw}
		]]>
	</select>

	<insert id="createUser" parameterType="user">
		<![CDATA[
			INSERT INTO TB_COM_USER(
					USER_CODE
				  , ID
				  , PW
				  , EMAIL
				  , USER_IMAGE
				  , NAME
				  , BIRTH
				  , POST_NUM
				  , PHONE_CD
				  , PHONE_NUM
				  , ADDRESS
				  , ENT_DATE
				  ) VALUES(
				  'USER' || LPAD(USER_SEQ.NEXTVAL, 4, 0)
				  , #{id}
				  , #{pw}
				  , #{email}
				  , #{userImage}
				  , #{name}
				  , #{birth}
				  , #{postNum}
				  , #{phoneCd}
				  , #{phoneNum}
				  , #{address}
				  , TO_CHAR(SYSDATE, 'YYYY-MM-DD-HH24:MI')
				  )
		]]>
	</insert>

	<update id="updateUser" parameterType="user">
		<![CDATA[
			UPDATE TB_COM_USER
			SET	EMAIL       = #{email}
			  , USER_IMAGE  = #{userImage}
			  , NAME        = #{name}
			  , BIRTH       = #{birth}
			  , POST_NUM    = #{postNum}
			  , PHONE_CD    = #{phoneCd}
		      , PHONE_NUM   = #{phoneNum}
			  , ADDRESS     = #{address}
			WHERE USER_CODE = #{userCode}
		]]>
	</update>


	<delete id="deleteUser" parameterType="string">
		<![CDATA[
			DELETE FROM TB_COM_USER WHERE ID = #{id}
		]]>
	</delete>

	<select id="retrievePostByDong" resultType="map" parameterType="map">
		<![CDATA[
			/* retrievePostByDong */
			SELECT ZIPCODE
				 , SIDO
				 , GUGUN
				 , DONG
				 , BUNJI
				 , SEQ
			FROM   TB_POST
			WHERE  1=1
			AND	   DONG LIKE '%' || #{dong} || '%'
			AND    ROWNUM <= 20

		]]>
	</select>
</mapper>